rec_pos,int_id,gprot,sig_pos,int_ty,conf_id,entry_name,pdb_id,rec_gn,rec_aa,sig_aa,sig_gn
98,143537,gnai1_human,350,"hydrophobic,van-der-waals",20804,ntr1_human,6OSA,2x36,Q,D,G.H5.22
101,143514,gnai1_human,350,"hydrophobic,van-der-waals",20804,ntr1_human,6OSA,2x39,V,D,G.H5.22
103,144202,gnai1_human,350,"polar,van-der-waals",20866,oprm_mouse,6DDF,2x39,T,D,G.H5.22
101,143538,gnai1_human,351,"hydrophobic,van-der-waals",20804,ntr1_human,6OSA,2x39,V,C,G.H5.23
103,144199,gnai1_human,351,hydrophobic,20866,oprm_mouse,6DDF,2x39,T,C,G.H5.23
58,146539,gnao_human,351,hydrophobic,21087,acm2_human,6OIK,2x39,N,C,G.H5.23
45,142997,gnai2_human,351,van-der-waals,21038,aa1r_human,6D9H,2x40,F,D,G.H5.22
172,144221,gnai1_human,340,"hydrophobic,van-der-waals",20866,oprm_mouse,6DDF,34x50,P,T,G.H5.12
221,142322,gnai1_human,343,hydrophobic,21036,cnr1_human,6N4B,34x50,P,I,G.H5.15
154,142749,gnao_human,343,hydrophobic,20835,5ht1b_human,6G79,34x50,A,I,G.H5.15
112,143000,gnai2_human,344,"hydrophobic,van-der-waals",21038,aa1r_human,6D9H,34x50,P,I,G.H5.15
172,144194,gnai1_human,343,"hydrophobic,van-der-waals",20866,oprm_mouse,6DDF,34x50,P,I,G.H5.15
128,146536,gnao_human,343,hydrophobic,21087,acm2_human,6OIK,34x50,P,I,G.H5.15
221,142324,gnai1_human,344,hydrophobic,21036,cnr1_human,6N4B,34x50,P,I,G.H5.16
154,142747,gnao_human,344,"hydrophobic,van-der-waals",20835,5ht1b_human,6G79,34x50,A,I,G.H5.16
112,143021,gnai2_human,345,"hydrophobic,van-der-waals",21038,aa1r_human,6D9H,34x50,P,I,G.H5.16
172,144192,gnai1_human,344,"hydrophobic,van-der-waals",20866,oprm_mouse,6DDF,34x50,P,I,G.H5.16
128,146532,gnao_human,344,"hydrophobic,van-der-waals",21087,acm2_human,6OIK,34x50,P,I,G.H5.16
221,142318,gnai1_human,347,van-der-waals,21036,cnr1_human,6N4B,34x50,P,N,G.H5.19
155,142745,gnao_human,336,hydrophobic,20835,5ht1b_human,6G79,34x51,V,F,G.H5.08
113,143003,gnai2_human,337,hydrophobic,21038,aa1r_human,6D9H,34x51,L,F,G.H5.08
173,144208,gnai1_human,336,"hydrophobic,van-der-waals",20866,oprm_mouse,6DDF,34x51,V,F,G.H5.08
155,142763,gnao_human,340,hydrophobic,20835,5ht1b_human,6G79,34x51,V,T,G.H5.12
113,143019,gnai2_human,341,hydrophobic,21038,aa1r_human,6D9H,34x51,L,T,G.H5.12
222,142315,gnai1_human,343,"hydrophobic,van-der-waals",21036,cnr1_human,6N4B,34x51,L,I,G.H5.15
113,142999,gnai2_human,344,hydrophobic,21038,aa1r_human,6D9H,34x51,L,I,G.H5.15
174,143525,gnai1_human,31,hydrophobic,20804,ntr1_human,6OSA,34x51,F,A,G.hns1.02
174,143519,gnai1_human,32,"aromatic,hydrophobic,van-der-waals",20804,ntr1_human,6OSA,34x51,F,R,G.hns1.03
173,144191,gnai1_human,193,hydrophobic,20866,oprm_mouse,6DDF,34x51,V,D,G.s2s3.02
113,143015,gnai2_human,195,hydrophobic,21038,aa1r_human,6D9H,34x51,L,L,G.S3.01
173,144198,gnai1_human,194,hydrophobic,20866,oprm_mouse,6DDF,34x51,V,L,G.S3.01
129,146541,gnao_human,195,hydrophobic,21087,acm2_human,6OIK,34x51,L,L,G.S3.01
174,144210,gnai1_human,193,ionic,20866,oprm_mouse,6DDF,34x52,K,D,G.s2s3.02
224,142311,gnai1_human,347,hydrophobic,21036,cnr1_human,6N4B,34x53,Y,N,G.H5.19
176,144218,gnai1_human,343,hydrophobic,20866,oprm_mouse,6DDF,34x54,L,I,G.H5.15
177,143526,gnai1_human,31,hydrophobic,20804,ntr1_human,6OSA,34x54,K,A,G.hns1.02
176,144215,gnai1_human,32,hydrophobic,20866,oprm_mouse,6DDF,34x54,L,R,G.hns1.03
176,144217,gnai1_human,194,hydrophobic,20866,oprm_mouse,6DDF,34x54,L,L,G.S3.01
178,143512,gnai1_human,27,hydrophobic,20804,ntr1_human,6OSA,34x55,T,G,G.HN.51
178,143528,gnai1_human,28,hydrophobic,20804,ntr1_human,6OSA,34x55,T,E,G.HN.52
177,144216,gnai1_human,32,"ionic,polar",20866,oprm_mouse,6DDF,34x55,D,R,G.hns1.03
133,146530,gnao_human,32,hydrophobic,21087,acm2_human,6OIK,34x55,V,K,G.hns1.03
179,144213,gnai1_human,347,polar,20866,oprm_mouse,6DDF,34x57,R,N,G.H5.19
179,144214,gnai1_human,351,"hydrophobic,van-der-waals",20866,oprm_mouse,6DDF,34x57,R,C,G.H5.23
214,142309,gnai1_human,351,hydrophobic,21036,cnr1_human,6N4B,3x50,R,C,G.H5.23
147,142760,gnao_human,351,"hydrophobic,van-der-waals",20835,5ht1b_human,6G79,3x50,R,C,G.H5.23
105,143005,gnai2_human,352,hydrophobic,21038,aa1r_human,6D9H,3x50,R,C,G.H5.23
166,143531,gnai1_human,351,"hydrophobic,van-der-waals",20804,ntr1_human,6OSA,3x50,R,C,G.H5.23
165,144195,gnai1_human,351,hydrophobic,20866,oprm_mouse,6DDF,3x50,R,C,G.H5.23
135,144399,gnai1_human,351,"hydrophobic,van-der-waals",20981,opsd_bovin,6QNO,3x50,R,C,G.H5.23
121,146542,gnao_human,351,"hydrophobic,van-der-waals",21087,acm2_human,6OIK,3x50,R,C,G.H5.23
135,144409,gnai1_human,352,"hydrophobic,van-der-waals",20981,opsd_bovin,6QNO,3x50,R,G,G.H5.24
214,142314,gnai1_human,353,hydrophobic,21036,cnr1_human,6N4B,3x50,R,L,G.H5.25
105,143004,gnai2_human,354,hydrophobic,21038,aa1r_human,6D9H,3x50,R,L,G.H5.25
166,143509,gnai1_human,353,hydrophobic,20804,ntr1_human,6OSA,3x50,R,L,G.H5.25
165,144193,gnai1_human,353,hydrophobic,20866,oprm_mouse,6DDF,3x50,R,L,G.H5.25
135,144403,gnai1_human,353,"hydrophobic,van-der-waals",20981,opsd_bovin,6QNO,3x50,R,L,G.H5.25
121,146546,gnao_human,353,hydrophobic,21087,acm2_human,6OIK,3x50,R,L,G.H5.25
217,142310,gnai1_human,347,"hydrophobic,polar",21036,cnr1_human,6N4B,3x53,S,N,G.H5.19
150,142757,gnao_human,347,"hydrophobic,van-der-waals",20835,5ht1b_human,6G79,3x53,A,N,G.H5.19
108,143007,gnai2_human,348,"hydrophobic,polar",21038,aa1r_human,6D9H,3x53,R,N,G.H5.19
168,144189,gnai1_human,347,"hydrophobic,van-der-waals",20866,oprm_mouse,6DDF,3x53,A,N,G.H5.19
138,144406,gnai1_human,347,"hydrophobic,van-der-waals",20981,opsd_bovin,6QNO,3x53,V,N,G.H5.19
217,142323,gnai1_human,348,"hydrophobic,van-der-waals",21036,cnr1_human,6N4B,3x53,S,L,G.H5.20
108,142995,gnai2_human,351,"ionic,hydrophobic,polar,van-der-waals",21038,aa1r_human,6D9H,3x53,R,D,G.H5.22
217,142328,gnai1_human,351,hydrophobic,21036,cnr1_human,6N4B,3x53,S,C,G.H5.23
108,143018,gnai2_human,352,"hydrophobic,van-der-waals",21038,aa1r_human,6D9H,3x53,R,C,G.H5.23
169,143524,gnai1_human,351,"hydrophobic,van-der-waals",20804,ntr1_human,6OSA,3x53,A,C,G.H5.23
168,144204,gnai1_human,351,"hydrophobic,van-der-waals",20866,oprm_mouse,6DDF,3x53,A,C,G.H5.23
138,144394,gnai1_human,351,hydrophobic,20981,opsd_bovin,6QNO,3x53,V,C,G.H5.23
151,142748,gnao_human,344,hydrophobic,20835,5ht1b_human,6G79,3x54,I,I,G.H5.16
139,144395,gnai1_human,344,hydrophobic,20981,opsd_bovin,6QNO,3x54,V,I,G.H5.16
151,142767,gnao_human,347,hydrophobic,20835,5ht1b_human,6G79,3x54,I,N,G.H5.19
139,144392,gnai1_human,347,hydrophobic,20981,opsd_bovin,6QNO,3x54,V,N,G.H5.19
218,142316,gnai1_human,348,"hydrophobic,van-der-waals",21036,cnr1_human,6N4B,3x54,I,L,G.H5.20
151,142744,gnao_human,348,"hydrophobic,van-der-waals",20835,5ht1b_human,6G79,3x54,I,L,G.H5.20
109,143011,gnai2_human,349,"hydrophobic,van-der-waals",21038,aa1r_human,6D9H,3x54,V,L,G.H5.20
170,143532,gnai1_human,348,hydrophobic,20804,ntr1_human,6OSA,3x54,I,L,G.H5.20
169,144188,gnai1_human,348,"hydrophobic,van-der-waals",20866,oprm_mouse,6DDF,3x54,V,L,G.H5.20
139,144402,gnai1_human,348,hydrophobic,20981,opsd_bovin,6QNO,3x54,V,L,G.H5.20
125,146537,gnao_human,348,hydrophobic,21087,acm2_human,6OIK,3x54,V,L,G.H5.20
170,143534,gnai1_human,351,"hydrophobic,van-der-waals",20804,ntr1_human,6OSA,3x54,I,C,G.H5.23
170,143510,gnai1_human,353,hydrophobic,20804,ntr1_human,6OSA,3x54,I,L,G.H5.25
231,142752,gnao_human,353,"hydrophobic,van-der-waals",20835,5ht1b_human,6G79,5x61,I,L,G.H5.25
203,143001,gnai2_human,354,hydrophobic,21038,aa1r_human,6D9H,5x61,V,L,G.H5.25
255,144196,gnai1_human,353,hydrophobic,20866,oprm_mouse,6DDF,5x61,M,L,G.H5.25
226,144397,gnai1_human,353,hydrophobic,20981,opsd_bovin,6QNO,5x61,L,L,G.H5.25
209,146544,gnao_human,353,hydrophobic,21087,acm2_human,6OIK,5x61,I,L,G.H5.25
258,144209,gnai1_human,344,"hydrophobic,van-der-waals",20866,oprm_mouse,6DDF,5x64,R,I,G.H5.16
259,144212,gnai1_human,344,hydrophobic,20866,oprm_mouse,6DDF,5x65,L,I,G.H5.16
235,142750,gnao_human,348,hydrophobic,20835,5ht1b_human,6G79,5x65,A,L,G.H5.20
207,142991,gnai2_human,349,hydrophobic,21038,aa1r_human,6D9H,5x65,I,L,G.H5.20
263,143521,gnai1_human,348,hydrophobic,20804,ntr1_human,6OSA,5x65,L,L,G.H5.20
259,144206,gnai1_human,348,"hydrophobic,van-der-waals",20866,oprm_mouse,6DDF,5x65,L,L,G.H5.20
230,144401,gnai1_human,348,hydrophobic,20981,opsd_bovin,6QNO,5x65,V,L,G.H5.20
213,146538,gnao_human,348,hydrophobic,21087,acm2_human,6OIK,5x65,S,L,G.H5.20
235,142756,gnao_human,353,hydrophobic,20835,5ht1b_human,6G79,5x65,A,L,G.H5.25
207,143016,gnai2_human,354,hydrophobic,21038,aa1r_human,6D9H,5x65,I,L,G.H5.25
263,143520,gnai1_human,353,hydrophobic,20804,ntr1_human,6OSA,5x65,L,L,G.H5.25
238,142768,gnao_human,341,"ionic,hydrophobic,polar,van-der-waals",20835,5ht1b_human,6G79,5x68,R,D,G.H5.13
210,142998,gnai2_human,342,"polar,van-der-waals",21038,aa1r_human,6D9H,5x68,Q,D,G.H5.13
262,144211,gnai1_human,341,"hydrophobic,van-der-waals",20866,oprm_mouse,6DDF,5x68,V,D,G.H5.13
304,142326,gnai1_human,344,hydrophobic,21036,cnr1_human,6N4B,5x68,H,I,G.H5.16
238,142761,gnao_human,344,"hydrophobic,van-der-waals",20835,5ht1b_human,6G79,5x68,R,I,G.H5.16
210,143014,gnai2_human,345,"hydrophobic,van-der-waals",21038,aa1r_human,6D9H,5x68,Q,I,G.H5.16
266,143515,gnai1_human,344,hydrophobic,20804,ntr1_human,6OSA,5x68,M,I,G.H5.16
262,144200,gnai1_human,344,hydrophobic,20866,oprm_mouse,6DDF,5x68,V,I,G.H5.16
233,144404,gnai1_human,344,hydrophobic,20981,opsd_bovin,6QNO,5x68,A,I,G.H5.16
238,142755,gnao_human,348,hydrophobic,20835,5ht1b_human,6G79,5x68,R,L,G.H5.20
238,142764,gnao_human,354,hydrophobic,20835,5ht1b_human,6G79,5x68,R,Y,G.H5.26
211,143006,gnai2_human,346,hydrophobic,21038,aa1r_human,6D9H,5x69,L,K,G.H5.17
239,142766,gnao_human,354,hydrophobic,20835,5ht1b_human,6G79,5x69,I,Y,G.H5.26
236,144400,gnai1_human,337,polar,20981,opsd_bovin,6QNO,5x71,Q,D,G.H5.09
213,143020,gnai2_human,342,"ionic,polar",21038,aa1r_human,6D9H,5x71,K,D,G.H5.13
237,144412,gnai1_human,318,polar,20981,opsd_bovin,6QNO,5x72,Q,E,G.h4s6.12
308,142319,gnai1_human,341,hydrophobic,21036,cnr1_human,6N4B,5x72,M,D,G.H5.13
237,144411,gnai1_human,320,"hydrophobic,polar",20981,opsd_bovin,6QNO,5x72,Q,Y,G.S6.02
311,142313,gnai1_human,337,"ionic,hydrophobic,polar,van-der-waals",21036,cnr1_human,6N4B,5x75,R,D,G.H5.09
280,143533,gnai1_human,341,"hydrophobic,van-der-waals",20804,ntr1_human,6OSA,6x22,G,D,G.H5.13
268,144197,gnai1_human,315,"polar,van-der-waals",20866,oprm_mouse,6DDF,6x23,S,D,G.h4s6.09
240,144396,gnai1_human,318,"hydrophobic,polar,van-der-waals",20981,opsd_bovin,6QNO,6x23,S,E,G.h4s6.12
224,142994,gnai2_human,316,"ionic,hydrophobic,polar,van-der-waals",21038,aa1r_human,6D9H,6x25,K,D,G.h4s6.09
270,144219,gnai1_human,315,"hydrophobic,van-der-waals",20866,oprm_mouse,6DDF,6x25,E,D,G.h4s6.09
224,142993,gnai2_human,319,"ionic,polar",21038,aa1r_human,6D9H,6x25,K,E,G.h4s6.12
242,144405,gnai1_human,318,"hydrophobic,polar,van-der-waals",20981,opsd_bovin,6QNO,6x25,T,E,G.h4s6.12
293,143539,gnai1_human,345,hydrophobic,20804,ntr1_human,6OSA,6x25,G,K,G.H5.17
271,144190,gnai1_human,314,van-der-waals,20866,oprm_mouse,6DDF,6x26,K,K,G.h4s6.08
271,144203,gnai1_human,315,"hydrophobic,van-der-waals",20866,oprm_mouse,6DDF,6x26,K,D,G.h4s6.09
294,143507,gnai1_human,341,"ionic,hydrophobic,van-der-waals",20804,ntr1_human,6OSA,6x26,R,D,G.H5.13
294,143529,gnai1_human,344,"hydrophobic,van-der-waals",20804,ntr1_human,6OSA,6x26,R,I,G.H5.16
294,143517,gnai1_human,345,hydrophobic,20804,ntr1_human,6OSA,6x26,R,K,G.H5.17
228,143010,gnai2_human,316,"ionic,polar",21038,aa1r_human,6D9H,6x29,K,D,G.h4s6.09
337,142325,gnai1_human,348,hydrophobic,21036,cnr1_human,6N4B,6x29,M,L,G.H5.20
297,143511,gnai1_human,348,hydrophobic,20804,ntr1_human,6OSA,6x29,A,L,G.H5.20
337,142327,gnai1_human,354,"hydrophobic,van-der-waals",21036,cnr1_human,6N4B,6x29,M,F,G.H5.26
308,142762,gnao_human,354,"aromatic,hydrophobic,polar,van-der-waals",20835,5ht1b_human,6G79,6x29,R,Y,G.H5.26
228,143002,gnai2_human,355,"hydrophobic,van-der-waals",21038,aa1r_human,6D9H,6x29,K,F,G.H5.26
297,143536,gnai1_human,354,"hydrophobic,van-der-waals",20804,ntr1_human,6OSA,6x29,A,F,G.H5.26
246,144410,gnai1_human,354,"hydrophobic,van-der-waals",20981,opsd_bovin,6QNO,6x29,A,F,G.H5.26
298,143523,gnai1_human,344,hydrophobic,20804,ntr1_human,6OSA,6x30,L,I,G.H5.16
298,143535,gnai1_human,348,"hydrophobic,van-der-waals",20804,ntr1_human,6OSA,6x30,L,L,G.H5.20
277,144205,gnai1_human,353,van-der-waals,20866,oprm_mouse,6DDF,6x32,R,L,G.H5.25
340,142320,gnai1_human,354,"hydrophobic,van-der-waals",21036,cnr1_human,6N4B,6x32,R,F,G.H5.26
311,142759,gnao_human,354,"hydrophobic,polar,van-der-waals",20835,5ht1b_human,6G79,6x32,K,Y,G.H5.26
277,144222,gnai1_human,354,van-der-waals,20866,oprm_mouse,6DDF,6x32,R,F,G.H5.26
249,144393,gnai1_human,354,"hydrophobic,van-der-waals",20981,opsd_bovin,6QNO,6x32,E,F,G.H5.26
384,146535,gnao_human,354,hydrophobic,21087,acm2_human,6OIK,6x32,K,Y,G.H5.26
341,142312,gnai1_human,348,hydrophobic,21036,cnr1_human,6N4B,6x33,L,L,G.H5.20
278,144223,gnai1_human,348,hydrophobic,20866,oprm_mouse,6DDF,6x33,I,L,G.H5.20
385,146545,gnao_human,348,hydrophobic,21087,acm2_human,6OIK,6x33,V,L,G.H5.20
341,142308,gnai1_human,353,hydrophobic,21036,cnr1_human,6N4B,6x33,L,L,G.H5.25
312,142751,gnao_human,353,"hydrophobic,van-der-waals",20835,5ht1b_human,6G79,6x33,A,L,G.H5.25
232,142996,gnai2_human,354,"hydrophobic,van-der-waals",21038,aa1r_human,6D9H,6x33,I,L,G.H5.25
301,143522,gnai1_human,353,hydrophobic,20804,ntr1_human,6OSA,6x33,G,L,G.H5.25
278,144220,gnai1_human,353,hydrophobic,20866,oprm_mouse,6DDF,6x33,I,L,G.H5.25
250,144398,gnai1_human,353,hydrophobic,20981,opsd_bovin,6QNO,6x33,V,L,G.H5.25
341,142317,gnai1_human,354,hydrophobic,21036,cnr1_human,6N4B,6x33,L,F,G.H5.26
232,143009,gnai2_human,355,hydrophobic,21038,aa1r_human,6D9H,6x33,I,F,G.H5.26
278,144201,gnai1_human,354,"hydrophobic,van-der-waals",20866,oprm_mouse,6DDF,6x33,I,F,G.H5.26
385,146543,gnao_human,354,hydrophobic,21087,acm2_human,6OIK,6x33,V,Y,G.H5.26
315,142765,gnao_human,352,"hydrophobic,van-der-waals",20835,5ht1b_human,6G79,6x36,T,G,G.H5.24
315,142758,gnao_human,353,hydrophobic,20835,5ht1b_human,6G79,6x36,T,L,G.H5.25
304,143527,gnai1_human,353,hydrophobic,20804,ntr1_human,6OSA,6x36,V,L,G.H5.25
281,144207,gnai1_human,353,"hydrophobic,van-der-waals",20866,oprm_mouse,6DDF,6x36,M,L,G.H5.25
388,146534,gnao_human,353,van-der-waals,21087,acm2_human,6OIK,6x36,T,L,G.H5.25
316,142746,gnao_human,353,hydrophobic,20835,5ht1b_human,6G79,6x37,L,L,G.H5.25
236,143013,gnai2_human,354,"hydrophobic,van-der-waals",21038,aa1r_human,6D9H,6x37,L,L,G.H5.25
305,143506,gnai1_human,353,hydrophobic,20804,ntr1_human,6OSA,6x37,L,L,G.H5.25
389,146540,gnao_human,353,hydrophobic,21087,acm2_human,6OIK,6x37,I,L,G.H5.25
257,144408,gnai1_human,353,hydrophobic,20981,opsd_bovin,6QNO,6x40,Y,L,G.H5.25
392,146529,gnao_human,353,hydrophobic,21087,acm2_human,6OIK,6x40,I,L,G.H5.25
372,142754,gnao_human,351,"hydrophobic,van-der-waals",20835,5ht1b_human,6G79,7x56,S,C,G.H5.23
372,142753,gnao_human,352,hydrophobic,20835,5ht1b_human,6G79,7x56,S,G,G.H5.24
291,143008,gnai2_human,353,hydrophobic,21038,aa1r_human,6D9H,7x56,R,G,G.H5.24
443,146531,gnao_human,352,van-der-waals,21087,acm2_human,6OIK,7x56,C,G,G.H5.24
367,143516,gnai1_human,353,"hydrophobic,van-der-waals",20804,ntr1_human,6OSA,7x56,V,L,G.H5.25
292,143012,gnai2_human,352,"hydrophobic,van-der-waals",21038,aa1r_human,6D9H,8x47,I,C,G.H5.23
401,142321,gnai1_human,352,"hydrophobic,van-der-waals",21036,cnr1_human,6N4B,8x47,S,G,G.H5.24
292,142992,gnai2_human,353,hydrophobic,21038,aa1r_human,6D9H,8x47,I,G,G.H5.24
310,144407,gnai1_human,352,"hydrophobic,van-der-waals",20981,opsd_bovin,6QNO,8x47,N,G,G.H5.24
444,146533,gnao_human,352,hydrophobic,21087,acm2_human,6OIK,8x47,N,G,G.H5.24
368,143513,gnai1_human,354,"hydrophobic,van-der-waals",20804,ntr1_human,6OSA,8x47,S,F,G.H5.26
311,144413,gnai1_human,354,"hydrophobic,van-der-waals",20981,opsd_bovin,6QNO,8x48,K,F,G.H5.26
370,143518,gnai1_human,315,polar,20804,ntr1_human,6OSA,8x49,N,D,G.h4s6.09
370,143508,gnai1_human,316,"hydrophobic,polar",20804,ntr1_human,6OSA,8x49,N,T,G.h4s6.10
294,143017,gnai2_human,351,"ionic,hydrophobic,polar,van-der-waals",21038,aa1r_human,6D9H,8x49,K,D,G.H5.22
373,143530,gnai1_human,315,"ionic,hydrophobic,polar",20804,ntr1_human,6OSA,8x52,H,D,G.h4s6.09
