feature,aa_cons,sort_score,aa,freq,gn,key,feature_code,sort_code,length,cons,seq_cons,prop_seq_cons
Hydrogen bonding [N],67,1,N,67,8x48,528,N,N_,,6,66,66
Hydrogen bonding,67,2,N,67,8x48,505,Hb,Hb_3,3,6,,
Hydrogen bond acceptor,67,2,N,67,8x48,689,Ha,Ha_3,3,6,,
Hydrogen bonding uncharged,67,3,N,67,8x48,620,Hu,Hu_2-3,2-3,6,,
Hydrogen bonding uncharged,67,3,N,67,8x48,643,Hu,Hu_3-4,3-4,6,,
Hydrogen bond acceptor,67,4,N,67,8x48,666,Ha,Ha_2-3,2-3,6,,
Hydrogen bond acceptor,67,5,N,67,8x48,712,Ha,Ha_3-4,3-4,6,,
Hydrogen bonding (polar),67,10,N,67,8x48,459,Hb,Hb_any,any,6,,
Hydrophobic aliphatic [L],100,1,L,100,3x50,233,L,L_,,10,100,100
Hydrophobic aliphatic,100,2,L,100,3x50,118,HA,HA_3,3,10,,
Hydrophobic aliphatic,100,3,L,100,3x50,95,HA,HA_2-3,2-3,10,,
Hydrophobic aliphatic,100,3,L,100,3x50,141,HA,HA_3-4,3-4,10,,
Hydrophobic aliphatic,100,5,L,100,3x50,49,HA,HA_any,any,10,,
Hydrophobic,100,10,L,100,3x50,3,HY,HY_any,any,10,,
α-Helix propensity - high,100,99,L,100,3x50,1176,αH,αH_Hig,Hig,10,,
Charged positive [R],100,1,R,100,2x39,1012,R,R_6,6,10,100,100
Hydrogen bond donor,100,2,R,100,2x39,805,Hd,Hd_6,6,10,,
Charged positive,100,2,R,100,2x39,989,+,+_5-6,5-6,10,,
Hydrogen bond donor,100,3,R,100,2x39,782,Hd,Hd_5-6,5-6,10,,
Charged positive,100,3,R,100,2x39,897,+,+_any,any,10,,
Charged,100,5,R,100,2x39,828,+-,+-_any,any,10,,
Hydrogen bonding (polar),100,10,R,100,2x39,437,Hb,Hb_any,any,10,,
α-Helix propensity - high,100,99,R,100,2x39,1173,αH,αH_Hig,Hig,10,,
Charged positive [K],33,1,K,33,6x35,982,K,K_5,5,3,100,100
Charged positive,33,2,K,33,6x35,959,+,+_4-5,4-5,3,,
Charged positive,33,2,K,33,6x35,1005,+,+_5-6,5-6,3,,
Hydrogen bond donor,33,3,K,33,6x35,775,Hd,Hd_4-5,4-5,3,,
Hydrogen bond donor,33,3,K,33,6x35,798,Hd,Hd_5-6,5-6,3,,
Charged,33,3,K,33,6x35,890,+-,+-_4-5,4-5,3,,
Charged positive,33,3,K,33,6x35,913,+,+_any,any,3,,
Charged,33,5,K,33,6x35,844,+-,+-_any,any,3,,
Hydrogen bonding (polar),33,10,K,33,6x35,453,Hb,Hb_any,any,3,,
α-Helix propensity - high,33,99,K,33,6x35,1189,αH,αH_Hig,Hig,3,,
Hydrophobic aliphatic [L],100,1,L,100,3x53,234,L,L_,,10,100,100
Hydrophobic aliphatic,100,2,L,100,3x53,119,HA,HA_3,3,10,,
Hydrophobic aliphatic,100,3,L,100,3x53,96,HA,HA_2-3,2-3,10,,
Hydrophobic aliphatic,100,3,L,100,3x53,142,HA,HA_3-4,3-4,10,,
Hydrophobic aliphatic,100,5,L,100,3x53,50,HA,HA_any,any,10,,
Hydrophobic,100,10,L,100,3x53,4,HY,HY_any,any,10,,
α-Helix propensity - high,100,99,L,100,3x53,1177,αH,αH_Hig,Hig,10,,
Hydrogen bonding [N],33,1,N,33,8x47,527,N,N_,,3,100,100
Hydrogen bonding,33,2,N,33,8x47,504,Hb,Hb_3,3,3,,
Hydrogen bond acceptor,33,2,N,33,8x47,688,Ha,Ha_3,3,3,,
Hydrogen bonding uncharged,33,3,N,33,8x47,619,Hu,Hu_2-3,2-3,3,,
Hydrogen bonding uncharged,33,3,N,33,8x47,642,Hu,Hu_3-4,3-4,3,,
Hydrogen bond acceptor,33,4,N,33,8x47,665,Ha,Ha_2-3,2-3,3,,
Hydrogen bond acceptor,33,5,N,33,8x47,711,Ha,Ha_3-4,3-4,3,,
Hydrogen bonding (polar),33,10,N,33,8x47,458,Hb,Hb_any,any,3,,
Hydropob ar / H-bonding [Y],100,1,Y,100,3x49,393,Y,Y_?,,10,100,100
Hydrophobic aromatic,100,2,Y,100,3x49,324,HR,HR_5,5,10,,
Hydrogen bond donor,100,2,Y,100,3x49,807,Hd,Hd_6,6,10,,
Hydrophobic,100,3,Y,100,3x49,25,HY,HY_4-5,4-5,10,,
Hydrophobic aromatic,100,3,Y,100,3x49,301,HR,HR_4-5,4-5,10,,
Hydrophobic aromatic,100,3,Y,100,3x49,347,HR,HR_5-6,5-6,10,,
Hydrogen bond donor,100,3,Y,100,3x49,784,Hd,Hd_5-6,5-6,10,,
Hydrophobic aromatic,100,4,Y,100,3x49,278,HR,HR_any,any,10,,
Hydrophobic,100,10,Y,100,3x49,2,HY,HY_any,any,10,,
Hydrogen bonding (polar),100,10,Y,100,3x49,439,Hb,Hb_any,any,10,,
Small,67,3,S,100,6x36,1167,Sm,Sm_1-2,1-2,10,66,100
Small,67,99,S,100,6x36,1121,Sm,Sm_any,any,10,,
Hydrogen bonding [S],67,1,S,67,6x36,569,S,S_,,6,,
Hydrogen bonding,67,2,S,67,6x36,477,Hb,Hb_2,2,6,,
Hydrogen bonding uncharged,67,3,S,67,6x36,615,Hu,Hu_2-3,2-3,6,,
Hydrogen bond acceptor,67,4,S,67,6x36,661,Ha,Ha_2-3,2-3,6,,
Hydrogen bonding (polar),67,10,S,67,6x36,454,Hb,Hb_any,any,6,,
Hydrophobic aliphatic,67,2,S,33,6x36,86,HA,HA_1-2,1-2,3,,
Small,67,2,S,33,6x36,1144,Sm,Sm_0-1,0-1,3,,
Hydrophobic aliphatic,67,5,S,33,6x36,63,HA,HA_any,any,3,,
Hydrophobic,67,10,S,33,6x36,17,HY,HY_any,any,3,,
Hydrophob al / α-H prop - very high [A],67,99,S,33,6x36,201,A,A_Max,Max,3,,
α-Helix propensity - high,67,99,S,33,6x36,1190,αH,αH_Hig,Hig,3,,
Hydrophobic aliphatic,67,3,L,100,5x65,102,HA,HA_2-3,2-3,10,66,100
Hydrophobic aliphatic,67,5,L,100,5x65,56,HA,HA_any,any,10,,
Hydrophobic,67,10,L,100,5x65,10,HY,HY_any,any,10,,
Hydrophobic aliphatic [L],67,1,L,67,5x65,240,L,L_,,6,,
Hydrophobic aliphatic,67,2,L,67,5x65,125,HA,HA_3,3,6,,
Hydrophobic aliphatic,67,3,L,67,5x65,148,HA,HA_3-4,3-4,6,,
α-Helix propensity - high,67,99,L,67,5x65,1183,αH,αH_Hig,Hig,6,,
Hydrophobic aliphatic [V],67,1,L,33,5x65,263,V,V_,,3,,
Hydrophobic aliphatic,67,2,L,33,5x65,79,HA,HA_1-2,1-2,3,,
Charged positive,67,2,K,100,6x32,1004,+,+_5-6,5-6,10,66,100
Hydrogen bond donor,67,3,K,100,6x32,797,Hd,Hd_5-6,5-6,10,,
Charged positive,67,3,K,100,6x32,912,+,+_any,any,10,,
Charged,67,5,K,100,6x32,843,+-,+-_any,any,10,,
Hydrogen bonding (polar),67,10,K,100,6x32,452,Hb,Hb_any,any,10,,
α-Helix propensity - high,67,99,K,100,6x32,1188,αH,αH_Hig,Hig,10,,
Charged positive [K],67,1,K,67,6x32,981,K,K_5,5,6,,
Charged positive,67,2,K,67,6x32,958,+,+_4-5,4-5,6,,
Hydrogen bond donor,67,3,K,67,6x32,774,Hd,Hd_4-5,4-5,6,,
Charged,67,3,K,67,6x32,889,+-,+-_4-5,4-5,6,,
Charged positive [R],67,1,K,33,6x32,1027,R,R_6,6,3,,
Hydrogen bond donor,67,2,K,33,6x32,820,Hd,Hd_6,6,3,,
Charged negative [E],67,1,E,67,5x71,1094,E,E_4,4,6,66,66
Charged negative,67,2,E,67,5x71,1048,-,-_any,any,6,,
Hydrogen bond acceptor,67,3,E,67,5x71,726,Ha,Ha_4,4,6,,
Charged,67,3,E,67,5x71,864,+-,+-_3-4,3-4,6,,
Charged,67,3,E,67,5x71,887,+-,+-_4-5,4-5,6,,
Hydrogen bond acceptor,67,5,E,67,5x71,703,Ha,Ha_3-4,3-4,6,,
Charged,67,5,E,67,5x71,841,+-,+-_any,any,6,,
Hydrogen bonding (polar),67,10,E,67,5x71,450,Hb,Hb_any,any,6,,
Hydrophobic aliphatic [L],67,1,L,67,6x40,249,L,L_,,6,100,100
Hydrophobic aliphatic,67,2,L,67,6x40,134,HA,HA_3,3,6,,
Hydrophobic aliphatic,67,3,L,67,6x40,111,HA,HA_2-3,2-3,6,,
Hydrophobic aliphatic,67,3,L,67,6x40,157,HA,HA_3-4,3-4,6,,
Hydrophobic aliphatic,67,5,L,67,6x40,65,HA,HA_any,any,6,,
Hydrophobic,67,10,L,67,6x40,19,HY,HY_any,any,6,,
α-Helix propensity - high,67,99,L,67,6x40,1192,αH,αH_Hig,Hig,6,,
Hydrogen bonding [T],67,1,T,67,5x72,589,T,T_,,6,66,66
Hydrogen bonding,67,2,T,67,5x72,474,Hb,Hb_2,2,6,,
Hydrogen bonding uncharged,67,3,T,67,5x72,612,Hu,Hu_2-3,2-3,6,,
Hydrogen bond acceptor,67,4,T,67,5x72,658,Ha,Ha_2-3,2-3,6,,
Hydrogen bonding (polar),67,10,T,67,5x72,451,Hb,Hb_any,any,6,,
Hydropob ar / H-bonding [Y],33,1,Y,33,7x53,411,Y,Y_?,,3,100,100
Hydrophobic aromatic,33,2,Y,33,7x53,342,HR,HR_5,5,3,,
Hydrogen bond donor,33,2,Y,33,7x53,825,Hd,Hd_6,6,3,,
Hydrophobic,33,3,Y,33,7x53,43,HY,HY_4-5,4-5,3,,
Hydrophobic aromatic,33,3,Y,33,7x53,319,HR,HR_4-5,4-5,3,,
Hydrophobic aromatic,33,3,Y,33,7x53,365,HR,HR_5-6,5-6,3,,
Hydrogen bond donor,33,3,Y,33,7x53,802,Hd,Hd_5-6,5-6,3,,
Hydrophobic aromatic,33,4,Y,33,7x53,296,HR,HR_any,any,3,,
Hydrophobic,33,10,Y,33,7x53,20,HY,HY_any,any,3,,
Hydrogen bonding (polar),33,10,Y,33,7x53,457,Hb,Hb_any,any,3,,
Hydrogen bonding [S],33,1,S,33,4x38,559,S,S_,,3,66,66
Hydrogen bonding,33,2,S,33,4x38,467,Hb,Hb_2,2,3,,
Hydrogen bonding uncharged,33,3,S,33,4x38,605,Hu,Hu_2-3,2-3,3,,
Small,33,3,S,33,4x38,1157,Sm,Sm_1-2,1-2,3,,
Hydrogen bond acceptor,33,4,S,33,4x38,651,Ha,Ha_2-3,2-3,3,,
Hydrogen bonding (polar),33,10,S,33,4x38,444,Hb,Hb_any,any,3,,
Small,33,99,S,33,4x38,1111,Sm,Sm_any,any,3,,
Hydrophobic aliphatic,67,2,I,100,3x54,120,HA,HA_3,3,10,66,100
Hydrophobic aliphatic,67,3,I,100,3x54,97,HA,HA_2-3,2-3,10,,
Hydrophobic aliphatic,67,3,I,100,3x54,143,HA,HA_3-4,3-4,10,,
Hydrophobic aliphatic,67,5,I,100,3x54,51,HA,HA_any,any,10,,
Hydrophobic,67,10,I,100,3x54,5,HY,HY_any,any,10,,
Hydrophobic aliphatic [I],67,1,I,67,3x54,212,I,I_,,6,,
Hydrophobic aliphatic [L],67,1,I,33,3x54,235,L,L_,,3,,
α-Helix propensity - high,67,99,I,33,3x54,1178,αH,αH_Hig,Hig,3,,
Hydrophobic aliphatic [V],33,1,V,33,3x55,259,V,V_,,3,33,33
Hydrophobic aliphatic,33,2,V,33,3x55,75,HA,HA_1-2,1-2,3,,
Hydrophobic aliphatic,33,3,V,33,3x55,98,HA,HA_2-3,2-3,3,,
Hydrophobic aliphatic,33,5,V,33,3x55,52,HA,HA_any,any,3,,
Hydrophobic,33,10,V,33,3x55,6,HY,HY_any,any,3,,
Charged pos / H bond / Hphob ar [H],67,1,H,67,2x43,921,H,H_4,4,6,100,100
Hydrogen bonding,67,2,H,67,2x43,484,Hb,Hb_3,3,6,,
Hydrogen bond donor,67,2,H,67,2x43,737,Hd,Hd_4,4,6,,
Charged positive,67,2,H,67,2x43,944,+,+_4-5,4-5,6,,
Hydrophobic aromatic,67,3,H,67,2x43,300,HR,HR_4-5,4-5,6,,
Hydrogen bonding uncharged,67,3,H,67,2x43,622,Hu,Hu_3-4,3-4,6,,
Hydrogen bond acceptor,67,3,H,67,2x43,714,Ha,Ha_4,4,6,,
Hydrogen bond donor,67,3,H,67,2x43,760,Hd,Hd_4-5,4-5,6,,
Charged,67,3,H,67,2x43,852,+-,+-_3-4,3-4,6,,
Charged,67,3,H,67,2x43,875,+-,+-_4-5,4-5,6,,
Charged positive,67,3,H,67,2x43,898,+,+_any,any,6,,
Hydrophobic aromatic,67,4,H,67,2x43,277,HR,HR_any,any,6,,
Hydrogen bond acceptor,67,5,H,67,2x43,691,Ha,Ha_3-4,3-4,6,,
Charged,67,5,H,67,2x43,829,+-,+-_any,any,6,,
Hydrogen bonding (polar),67,10,H,67,2x43,438,Hb,Hb_any,any,6,,
Hydrophobic aliphatic [I],33,1,I,33,6x39,225,I,I_,,3,33,33
Hydrophobic aliphatic,33,2,I,33,6x39,133,HA,HA_3,3,3,,
Hydrophobic aliphatic,33,3,I,33,6x39,110,HA,HA_2-3,2-3,3,,
Hydrophobic aliphatic,33,3,I,33,6x39,156,HA,HA_3-4,3-4,3,,
Hydrophobic aliphatic,33,5,I,33,6x39,64,HA,HA_any,any,3,,
Hydrophobic,33,10,I,33,6x39,18,HY,HY_any,any,3,,
Charged negative [E],33,1,E,33,4x39,1089,E,E_4,4,3,66,66
Charged negative,33,2,E,33,4x39,1043,-,-_any,any,3,,
Hydrogen bond acceptor,33,3,E,33,4x39,721,Ha,Ha_4,4,3,,
Charged,33,3,E,33,4x39,859,+-,+-_3-4,3-4,3,,
Charged,33,3,E,33,4x39,882,+-,+-_4-5,4-5,3,,
Hydrogen bond acceptor,33,5,E,33,4x39,698,Ha,Ha_3-4,3-4,3,,
Charged,33,5,E,33,4x39,836,+-,+-_any,any,3,,
Hydrogen bonding (polar),33,10,E,33,4x39,445,Hb,Hb_any,any,3,,
Hydrophobic aliphatic,33,3,I,67,5x61,101,HA,HA_2-3,2-3,6,66,100
Hydrophobic aliphatic,33,5,I,67,5x61,55,HA,HA_any,any,6,,
Hydrophobic,33,10,I,67,5x61,9,HY,HY_any,any,6,,
Hydrophobic aliphatic [I],33,1,I,33,5x61,216,I,I_,,3,,
Hydrophobic aliphatic [V],33,1,I,33,5x61,262,V,V_,,3,,
Hydrophobic aliphatic,33,2,I,33,5x61,78,HA,HA_1-2,1-2,3,,
Hydrophobic aliphatic,33,2,I,33,5x61,124,HA,HA_3,3,3,,
Hydrophobic aliphatic,33,3,I,33,5x61,147,HA,HA_3-4,3-4,3,,
Hydrophobic aliphatic,33,3,L,67,5x69,150,HA,HA_3-4,3-4,6,66,100
Hydrophobic aliphatic,33,5,L,67,5x69,58,HA,HA_any,any,6,,
Hydrophobic,33,10,L,67,5x69,12,HY,HY_any,any,6,,
α-Helix propensity - high,33,99,L,67,5x69,1185,αH,αH_Hig,Hig,6,,
Hydrophobic aliphatic [M],33,1,L,33,5x69,173,M,M_4,4,3,,
Hydrophobic aliphatic [L],33,1,L,33,5x69,242,L,L_,,3,,
Hydrophobic aliphatic,33,2,L,33,5x69,127,HA,HA_3,3,3,,
Hydrophobic,33,3,L,33,5x69,35,HY,HY_4-5,4-5,3,,
Hydrophobic aliphatic,33,3,L,33,5x69,104,HA,HA_2-3,2-3,3,,
Charged positive [K],100,1,K,100,5x68,977,K,K_5,5,10,100,100
Charged positive,100,2,K,100,5x68,954,+,+_4-5,4-5,10,,
Charged positive,100,2,K,100,5x68,1000,+,+_5-6,5-6,10,,
Hydrogen bond donor,100,3,K,100,5x68,770,Hd,Hd_4-5,4-5,10,,
Hydrogen bond donor,100,3,K,100,5x68,793,Hd,Hd_5-6,5-6,10,,
Charged,100,3,K,100,5x68,885,+-,+-_4-5,4-5,10,,
Charged positive,100,3,K,100,5x68,908,+,+_any,any,10,,
Charged,100,5,K,100,5x68,839,+-,+-_any,any,10,,
Hydrogen bonding (polar),100,10,K,100,5x68,448,Hb,Hb_any,any,10,,
α-Helix propensity - high,100,99,K,100,5x68,1184,αH,αH_Hig,Hig,10,,
