sig_gn,rec_aa,conf_id,pdb_id,rec_pos,gprot,sig_aa,sig_pos,rec_gn,int_id,int_ty,entry_name
G.H5.22,R,20986,6NIY,180,gnas2_human,Q,390,2x39,143249,"polar,hydrophobic,van-der-waals",calcr_human
G.H5.22,R,21044,6B3J,176,gnas2_human,Q,390,2x39,143986,"polar,hydrophobic",glp1r_human
G.H5.22,R,20850,6NBF,219,gnas2_bovin,Q,390,2x39,144854,hydrophobic,pth1r_human
G.H5.23,H,20986,6NIY,184,gnas2_human,Y,391,2x43,143230,hydrophobic,calcr_human
G.H5.23,H,21044,6B3J,180,gnas2_human,Y,391,2x43,143992,hydrophobic,glp1r_human
G.H5.23,Y,20986,6NIY,243,gnas2_human,Y,391,3x49,143253,van-der-waals,calcr_human
G.H5.23,Y,21044,6B3J,250,gnas2_human,Y,391,3x49,143991,van-der-waals,glp1r_human
G.H5.23,Y,20850,6NBF,305,gnas2_bovin,Y,391,3x49,144855,van-der-waals,pth1r_human
G.H5.23,L,20986,6NIY,244,gnas2_human,Y,391,3x50,143236,"hydrophobic,van-der-waals",calcr_human
G.H5.23,L,21044,6B3J,251,gnas2_human,Y,391,3x50,143972,"hydrophobic,van-der-waals",glp1r_human
G.H5.23,L,20850,6NBF,306,gnas2_bovin,Y,391,3x50,144860,"hydrophobic,van-der-waals",pth1r_human
G.H5.19,L,20986,6NIY,247,gnas2_human,H,387,3x53,143250,"hydrophobic,van-der-waals",calcr_human
G.H5.19,L,21044,6B3J,254,gnas2_human,H,387,3x53,143971,"hydrophobic,van-der-waals",glp1r_human
G.H5.19,L,20850,6NBF,309,gnas2_bovin,H,387,3x53,144857,hydrophobic,pth1r_human
G.H5.16,I,20986,6NIY,248,gnas2_human,Q,384,3x54,143248,"hydrophobic,van-der-waals",calcr_human
G.H5.16,L,21044,6B3J,255,gnas2_human,Q,384,3x54,143983,"hydrophobic,van-der-waals",glp1r_human
G.H5.16,I,20850,6NBF,310,gnas2_bovin,Q,384,3x54,144867,"hydrophobic,van-der-waals",pth1r_human
G.H5.12,V,20986,6NIY,249,gnas2_human,R,380,3x55,143231,van-der-waals,calcr_human
G.HN.52,S,21044,6B3J,261,gnas2_human,Q,35,4x38,143993,"polar,hydrophobic,van-der-waals",glp1r_human
G.HN.51,E,21044,6B3J,262,gnas2_human,K,34,4x39,143980,ionic,glp1r_human
G.H5.25,I,20986,6NIY,319,gnas2_human,L,393,5x61,143238,hydrophobic,calcr_human
G.H5.25,V,21044,6B3J,327,gnas2_human,L,393,5x61,143985,hydrophobic,glp1r_human
G.H5.20,L,20986,6NIY,323,gnas2_human,L,388,5x65,143233,hydrophobic,calcr_human
G.H5.20,V,21044,6B3J,331,gnas2_human,L,388,5x65,143984,hydrophobic,glp1r_human
G.H5.20,L,20850,6NBF,385,gnas2_bovin,L,388,5x65,144859,hydrophobic,pth1r_human
G.H5.13,K,20986,6NIY,326,gnas2_human,D,381,5x68,143237,"ionic,polar,van-der-waals",calcr_human
G.H5.13,K,21044,6B3J,334,gnas2_human,D,381,5x68,143989,"ionic,polar,hydrophobic,van-der-waals",glp1r_human
G.H5.13,K,20850,6NBF,388,gnas2_bovin,D,381,5x68,144870,"ionic,polar,hydrophobic,van-der-waals",pth1r_human
G.H5.26,M,20986,6NIY,327,gnas2_human,L,394,5x69,143245,"hydrophobic,van-der-waals",calcr_human
G.H5.26,L,20850,6NBF,389,gnas2_bovin,L,394,5x69,144852,hydrophobic,pth1r_human
G.h4s6.20,E,20986,6NIY,329,gnas2_human,Y,358,5x71,143228,polar,calcr_human
G.H5.17,E,20850,6NBF,391,gnas2_bovin,R,385,5x71,144864,ionic,pth1r_human
G.h4s6.20,T,20850,6NBF,392,gnas2_bovin,Y,358,5x72,144861,"hydrophobic,van-der-waals",pth1r_human
G.H5.17,T,20986,6NIY,330,gnas2_human,R,385,5x72,143240,"polar,van-der-waals",calcr_human
G.H5.25,K,20850,6NBF,405,gnas2_bovin,L,393,6x32,144866,"hydrophobic,van-der-waals",pth1r_human
G.H5.26,K,20986,6NIY,340,gnas2_human,L,394,6x32,143247,hydrophobic,calcr_human
G.H5.26,R,21044,6B3J,348,gnas2_human,L,394,6x32,143977,hydrophobic,glp1r_human
G.H5.24,K,20986,6NIY,343,gnas2_human,E,392,6x35,143234,polar,calcr_human
G.H5.25,A,20986,6NIY,344,gnas2_human,L,393,6x36,143227,hydrophobic,calcr_human
G.H5.25,S,21044,6B3J,352,gnas2_human,L,393,6x36,143974,"hydrophobic,van-der-waals",glp1r_human
G.H5.25,S,20850,6NBF,409,gnas2_bovin,L,393,6x36,144869,"hydrophobic,van-der-waals",pth1r_human
G.H5.25,I,20986,6NIY,347,gnas2_human,L,393,6x39,143244,hydrophobic,calcr_human
G.H5.25,L,20986,6NIY,348,gnas2_human,L,393,6x40,143242,hydrophobic,calcr_human
G.H5.25,L,21044,6B3J,356,gnas2_human,L,393,6x40,143981,hydrophobic,glp1r_human
G.H5.23,Y,20986,6NIY,391,gnas2_human,Y,391,7x53,143229,hydrophobic,calcr_human
G.H5.22,N,20986,6NIY,395,gnas2_human,Q,390,8x47,143235,polar,calcr_human
G.H5.24,N,20986,6NIY,396,gnas2_human,E,392,8x48,143252,"polar,van-der-waals",calcr_human
G.H5.24,N,21044,6B3J,407,gnas2_human,E,392,8x48,143988,"polar,hydrophobic,van-der-waals",glp1r_human
